{"Enterococcus faecalis": {"PCo1": 1.0}, "Neisseria flavescens": {"PCo1": 1.0}, "Streptococcus mitis": {"PCo1": 0.9899598393574297}, "Staphylococcus aureus": {"PCo1": 0.995}, "Ralstonia pickettii": {"PCo1": 0.9968944099378882}, "Pseudomonas mendocina": {"PCo1": 0.9918367346938776}, "Haemophilus parasuis": {"PCo1": 0.990990990990991}, "Bacillus pumilus": {"PCo1": 1.0}, "Streptococcus pneumoniae": {"PCo1": 0.9859578736208626}, "Chryseobacterium gleum": {"PCo1": 0.990909090909091}, "Streptococcus equinus": {"PCo1": 0.9899193548387096}, "Pseudomonas stutzeri": {"PCo1": 0.9939819458375125}, "Corynebacterium glutamicum": {"PCo1": 0.9949031600407747}, "Pseudomonas putida": {"PCo1": 0.9942263279445728}, "Streptococcus gallolyticus": {"PCo1": 0.9889336016096579}, "Aeromonas salmonicida": {"PCo1": 1.0}, "Ralstonia solanacearum": {"PCo1": 0.9889001009081736}, "Haemophilus influenzae": {"PCo1": 0.9989795918367347}, "Neisseria mucosa": {"PCo1": 0.9938524590163934}, "Neisseria meningitidis": {"PCo1": 0.9858012170385395}, "Staphylococcus epidermidis": {"PCo1": 0.984984984984985}, "Streptococcus oralis": {"PCo1": 0.9989868287740629}, "Flavobacterium johnsoniae": {"PCo1": 0.9769769769769769}, "Staphylococcus haemolyticus": {"PCo1": 0.9859719438877755}, "Sphingobacterium spiritivorum": {"PCo1": 0.9949899799599199}, "Listeria seeligeri": {"PCo1": 1.0}, "Corynebacterium efficiens": {"PCo1": 0.997539975399754}, "Listeria monocytogenes": {"PCo1": 1.0}, "Streptococcus vestibularis": {"PCo1": 1.0}}