{"Sphingobacterium spiritivorum": {"PCo1": 0.9929859719438878}, "Haemophilus influenzae": {"PCo1": 0.9989795918367347}, "Chryseobacterium gleum": {"PCo1": 0.9878787878787879}, "Listeria seeligeri": {"PCo1": 1.0}, "Corynebacterium efficiens": {"PCo1": 0.996309963099631}, "Streptococcus gallolyticus": {"PCo1": 0.9637826961770624}, "Neisseria mucosa": {"PCo1": 0.9959016393442623}, "Streptococcus vestibularis": {"PCo1": 1.0}, "Listeria monocytogenes": {"PCo1": 1.0}, "Neisseria flavescens": {"PCo1": 1.0}, "Pseudomonas putida": {"PCo1": 0.9976905311778291}, "Corynebacterium glutamicum": {"PCo1": 0.9989806320081549}, "Staphylococcus haemolyticus": {"PCo1": 0.9849699398797596}, "Enterococcus faecalis": {"PCo1": 1.0}, "Ralstonia solanacearum": {"PCo1": 0.9889001009081736}, "Neisseria meningitidis": {"PCo1": 0.9807302231237323}, "Streptococcus equinus": {"PCo1": 0.9899193548387096}, "Haemophilus parasuis": {"PCo1": 0.994994994994995}, "Ralstonia pickettii": {"PCo1": 0.9968944099378882}, "Staphylococcus aureus": {"PCo1": 0.994}, "Streptococcus mitis": {"PCo1": 0.9889558232931727}, "Bacillus pumilus": {"PCo1": 1.0}, "Staphylococcus epidermidis": {"PCo1": 0.977977977977978}, "Streptococcus oralis": {"PCo1": 0.9989868287740629}, "Flavobacterium johnsoniae": {"PCo1": 0.9769769769769769}, "Pseudomonas stutzeri": {"PCo1": 0.9939819458375125}, "Aeromonas salmonicida": {"PCo1": 1.0}, "Streptococcus pneumoniae": {"PCo1": 0.9839518555667001}}