{"Sphingobacterium spiritivorum": {"PCo1": 0.9949899799599199}, "Pseudomonas putida": {"PCo1": 0.9930715935334873}, "Streptococcus pneumoniae": {"PCo1": 0.9829488465396189}, "Staphylococcus haemolyticus": {"PCo1": 0.9859719438877755}, "Streptococcus mitis": {"PCo1": 0.9859437751004017}, "Ralstonia pickettii": {"PCo1": 0.9958592132505176}, "Bacillus pumilus": {"PCo1": 1.0}, "Corynebacterium glutamicum": {"PCo1": 0.9989806320081549}, "Corynebacterium efficiens": {"PCo1": 0.995079950799508}, "Streptococcus equinus": {"PCo1": 1.0}, "Haemophilus influenzae": {"PCo1": 0.9989795918367347}, "Enterococcus faecalis": {"PCo1": 1.0}}