{"Staphylococcus aureus": 0.995, "Streptococcus pneumoniae": 0.9829488465396189, "Pseudomonas stutzeri": 0.9939819458375125, "Streptococcus gallolyticus": 0.9627766599597586, "Chryseobacterium gleum": 0.990909090909091, "Listeria seeligeri": 1.0, "Corynebacterium glutamicum": 0.9989806320081549, "Neisseria meningitidis": 0.9766734279918864, "Staphylococcus epidermidis": 0.9819819819819819, "Ralstonia pickettii": 0.9958592132505176, "Sphingobacterium spiritivorum": 0.9909819639278558, "Streptococcus mitis": 0.9879518072289156, "Pseudomonas mendocina": 0.9918367346938776, "Neisseria flavescens": 1.0, "Aeromonas salmonicida": 1.0, "Streptococcus equinus": 0.9647177419354839, "Neisseria mucosa": 0.9959016393442623, "Corynebacterium efficiens": 0.996309963099631, "Staphylococcus haemolyticus": 0.9859719438877755, "Bacillus pumilus": 1.0, "Streptococcus vestibularis": 1.0, "Flavobacterium johnsoniae": 0.9769769769769769, "Enterococcus faecalis": 1.0, "Haemophilus influenzae": 0.9989795918367347, "Pseudomonas putida": 0.9930715935334873, "Haemophilus parasuis": 0.995995995995996, "Streptococcus oralis": 0.9979736575481256, "Ralstonia solanacearum": 0.9868819374369324, "Listeria monocytogenes": 1.0}