{"Ralstonia solanacearum": 0.9889001009081736, "Chryseobacterium gleum": 0.9919191919191919, "Flavobacterium johnsoniae": 0.9769769769769769, "Pseudomonas putida": 0.9942263279445728, "Staphylococcus aureus": 0.995, "Neisseria meningitidis": 0.9817444219066938, "Staphylococcus epidermidis": 0.982982982982983, "Aeromonas salmonicida": 1.0, "Neisseria flavescens": 1.0, "Streptococcus vestibularis": 1.0, "Listeria monocytogenes": 1.0, "Corynebacterium glutamicum": 0.9989806320081549, "Streptococcus pneumoniae": 0.9849548645937813, "Streptococcus oralis": 0.9979736575481256, "Staphylococcus haemolyticus": 0.9829659318637275, "Sphingobacterium spiritivorum": 0.9949899799599199, "Listeria seeligeri": 1.0, "Streptococcus equinus": 0.9647177419354839, "Haemophilus influenzae": 0.9989795918367347, "Neisseria mucosa": 0.9948770491803278, "Corynebacterium efficiens": 0.996309963099631, "Enterococcus faecalis": 1.0, "Ralstonia pickettii": 0.9958592132505176, "Pseudomonas mendocina": 0.9908163265306122, "Haemophilus parasuis": 0.993993993993994, "Bacillus pumilus": 1.0, "Streptococcus mitis": 0.9859437751004017, "Pseudomonas stutzeri": 0.9939819458375125, "Streptococcus gallolyticus": 0.9869215291750503}