{"Staphylococcus haemolyticus": {"PCo1": 0.9849699398797596}, "Streptococcus equinus": {"PCo1": 0.9899193548387096}, "Pseudomonas putida": {"PCo1": 0.9930715935334873}, "Streptococcus oralis": {"PCo1": 0.9989868287740629}, "Enterococcus faecalis": {"PCo1": 1.0}, "Haemophilus influenzae": {"PCo1": 1.0}, "Chryseobacterium gleum": {"PCo1": 0.990909090909091}, "Staphylococcus aureus": {"PCo1": 0.995}, "Sphingobacterium spiritivorum": {"PCo1": 0.9929859719438878}, "Corynebacterium efficiens": {"PCo1": 0.996309963099631}, "Corynebacterium glutamicum": {"PCo1": 0.9989806320081549}, "Staphylococcus epidermidis": {"PCo1": 0.980980980980981}, "Listeria monocytogenes": {"PCo1": 1.0}, "Streptococcus pneumoniae": {"PCo1": 0.9859578736208626}, "Pseudomonas stutzeri": {"PCo1": 0.9939819458375125}, "Ralstonia solanacearum": {"PCo1": 0.9889001009081736}, "Flavobacterium johnsoniae": {"PCo1": 0.9769769769769769}, "Neisseria flavescens": {"PCo1": 1.0}, "Neisseria mucosa": {"PCo1": 0.9948770491803278}, "Streptococcus mitis": {"PCo1": 0.9889558232931727}, "Bacillus pumilus": {"PCo1": 1.0}, "Ralstonia pickettii": {"PCo1": 0.9958592132505176}, "Streptococcus gallolyticus": {"PCo1": 0.9899396378269618}, "Haemophilus parasuis": {"PCo1": 0.992992992992993}}