{"Enterococcus faecalis": 0.9579158316633266, "Streptococcus oralis": 0.9979736575481256, "Listeria seeligeri": 0.9777777777777777, "Haemophilus influenzae": 0.9918367346938776, "Ralstonia solanacearum": 0.9959636730575177, "Staphylococcus aureus": 0.986, "Pseudomonas stutzeri": 0.9989969909729187, "Neisseria flavescens": 0.998, "Chryseobacterium gleum": 0.9868686868686869, "Corynebacterium efficiens": 1.0, "Sphingobacterium spiritivorum": 0.9258517034068137, "Flavobacterium johnsoniae": 0.983983983983984, "Ralstonia pickettii": 0.9927536231884058, "Streptococcus vestibularis": 0.997997997997998, "Bacillus pumilus": 1.0, "Streptococcus gallolyticus": 0.9869215291750503, "Neisseria meningitidis": 0.9918864097363083, "Streptococcus mitis": 0.9839357429718876, "Neisseria mucosa": 0.9897540983606558, "Haemophilus parasuis": 0.992992992992993, "Pseudomonas mendocina": 0.9979591836734694, "Listeria monocytogenes": 0.968968968968969, "Aeromonas salmonicida": 1.0, "Pseudomonas putida": 0.9907621247113164, "Staphylococcus haemolyticus": 0.9829659318637275, "Corynebacterium glutamicum": 0.9938837920489296, "Staphylococcus epidermidis": 0.994994994994995, "Streptococcus equinus": 0.9808467741935484, "Streptococcus pneumoniae": 0.9829488465396189}