{"Streptococcus pneumoniae": 0.9829488465396189, "Neisseria flavescens": 0.998, "Neisseria meningitidis": 0.9908722109533469, "Corynebacterium glutamicum": 0.9541284403669725, "Streptococcus vestibularis": 0.997997997997998, "Haemophilus parasuis": 0.993993993993994, "Staphylococcus epidermidis": 0.990990990990991, "Staphylococcus aureus": 0.984, "Haemophilus influenzae": 0.9928571428571429, "Listeria monocytogenes": 0.9579579579579579, "Streptococcus equinus": 0.9838709677419355, "Sphingobacterium spiritivorum": 0.9238476953907816, "Flavobacterium johnsoniae": 0.983983983983984, "Streptococcus mitis": 0.9829317269076305, "Corynebacterium efficiens": 1.0, "Ralstonia solanacearum": 0.9989909182643795, "Ralstonia pickettii": 0.994824016563147, "Neisseria mucosa": 0.9938524590163934, "Enterococcus faecalis": 0.9438877755511023, "Chryseobacterium gleum": 0.9878787878787879, "Listeria seeligeri": 0.9828282828282828, "Pseudomonas stutzeri": 0.9989969909729187, "Aeromonas salmonicida": 1.0, "Bacillus pumilus": 1.0, "Streptococcus gallolyticus": 0.9889336016096579, "Pseudomonas putida": 0.9907621247113164, "Streptococcus oralis": 0.9989868287740629, "Pseudomonas mendocina": 0.9979591836734694, "Staphylococcus haemolyticus": 0.9829659318637275}